58763; Game of Thrones Blu-Ray;39.95;
45879; SSD-Samsung;69.85;
68521; Joker Blu-Ray;19.99;
58763; Game of Thrones Blu-Ray;39.95;
68521; Joker Blu-Ray;19.99;
25873; Playmobil Ritterburg;123.95;
58763; Game of Thrones Blu-Ray;39.95;
25873; Playmobil Ritterburg;123.95;
68521; Joker Blu-Ray;19.99;
45879; SSD-Samsung;69.85;
58763; Game of Thrones Blu-Ray;39.95;
25873; Playmobil Ritterburg;123.95;
45879; SSD-Samsung;69.85;
25873; Playmobil Ritterburg;123.95;
68521; Joker Blu-Ray;19.99;
68521; Joker Blu-Ray;19.99;
58763; Game of Thrones Blu-Ray;39.95;
